excerpt,published_date,refresh_existing,scraped_at,source,tags,title,topics,url
"The deal hands Diversified nearly 500 gross operated wells producing 68,000 BOE/D.",2026-09-03,0,2026-09-09T17:36:49.661806+00:00,,"mergers and acquisitions,Permian Basin,EOR/IOR,Texas,New Mexico",Diversified Energy Makes $1.8 Billion Buy in Texas Permian,Business/economics,https://jpt.spe.org/diversified-energy-makes-1-8-billion-buy-in-texas-permian
"The SPE A Peer Apart award recognizes those dedicated individuals involved in the review of 100 or more papers for SPE Journal. This year, 11 individuals joined this elite group, bringing the total number of A Peer Apart honorees to 246 dedicated members.",2026-09-04,0,2026-09-09T17:36:50.017478+00:00,,"awards,volunteer,A Peer Apart,journals",2026 A Peer Apart Honorees Announced,SPE News,https://jpt.spe.org/2026-a-peer-apart-honorees-announced
"While equipment run life and reliability remain core concerns, experts say operators are increasingly turning to real-time surveillance and autonomous optimization to unlock new production gains.",2026-09-04,0,2026-09-09T17:36:50.508552+00:00,,"artificial lift,artificial intelligence,Chevron,ConocoPhillips,ExxonMobil,electrical submersible pumps,gas lift,SPE event",Maximizing Every Barrel: Artificial Lift Embraces Automation,"Artificial lift,Production,SPE News",https://jpt.spe.org/maximizing-every-barrel-artificial-lift-embraces-automation
"As Egypt’s largest oil and gas investor, Eni is ramping up its 2026–2027 drilling campaign with new investments cross the Mediterranean offshore, Nile Delta, Western Desert, and offshore Sinai to strengthen the country’s role as a regional gas and LNG export hub.",2026-09-05,0,2026-09-09T17:36:50.962638+00:00,,"Egypt,Eni,LNG,Eastern Mediterranean,mature fields","Eni Commits $8 Billion to Egypt, Targets 230 New Oil and Gas Wells","Drilling,Production,Exploration/discoveries,Mature fields,Enhanced recovery,Midstream,Business/economics,Field/project development",https://jpt.spe.org/eni-commits-8-billion-to-egypt-targets-230-new-oil-and-gas-wells
"While discussions on the commercial terms for gas sales continue, the release of the jackup rig intended to drill production wells calls into question Shell’s plans for first gas in 2027.",2026-09-06,0,2026-09-09T17:36:51.291457+00:00,,"Trinidad and Tobago,Shell,Atlantic LNG,Latin America,BP,ADNOC,Venezuela,Subsea7",Shell Puts Trinidad’s Aphrodite Natural Gas Project on Hold,"Field/project development,Asset Management,LNG",https://jpt.spe.org/shell-puts-trinidads-aphrodite-natural-gas-project-on-hold
Increased capacity from new terminals and expansions drove up exports of liquefied natural gas at the quickest rate since 2016.,2026-09-07,0,2026-09-09T17:36:51.524320+00:00,,"exports,US exports,Golden Pass LNG,Corpus Christi LNG,US Energy Information Administration,Strait of Hormuz,Russia,Ukraine,Qatar,Middle East,North Africa,Latin America,Egypt,Netherlands,Italy,France,UK",US LNG Exports Rise 23% in First Half of 2026,"Business/economics,LNG",https://jpt.spe.org/us-lng-exports-rise-23-in-first-half-of-2026
"The power-purchase agreement (PPA) marks largest enhanced geothermal PPA and is expected to accelerate the delivery of continuous, carbon-free power from the Cape Station GeoCluster in Utah.",2026-09-07,0,2026-09-09T17:36:51.793305+00:00,,"Fervo,Google,enhanced geothermal system,geothermal energy","Fervo, Google Sign 396-MW Agreement","Geothermal energy,Business/economics",https://jpt.spe.org/fervo-google-sign-396-mw-agreement
"As digital technologies become commonplace, industry leaders say core engineering knowledge remains essential for making informed decisions and avoiding costly mistakes.",2026-09-08,0,2026-09-09T17:36:52.125507+00:00,,"artificial intelligence,artificial lift,ExxonMobil,Occidental Petroleum,SLB,SPE News,SPE event,skills development","New Tools, Old Lessons: Experts Stress the Importance of Artificial Lift Basics","AI/machine learning,Artificial lift,Production",https://jpt.spe.org/new-tools-old-lessons-experts-stress-the-importance-of-artificial-lift-basics
"The startup company’s Midland Basin demonstration plant, located in the Permian Basin, takes a major step toward commercialization by proving its direct lithium extraction technology can refine battery-grade lithium carbonate from produced water under multiple 24/7 production cycles.",2026-09-08,0,2026-09-09T17:36:52.394106+00:00,,"lithium,electric vehicles,Texas,produced water",LibertyStream Produces Battery-Grade Lithium Carbonate From Produced Water in West Texas Pilot,"R&D/innovation,Sustainability,Business/economics,Energy transition,Water management",https://jpt.spe.org/libertystream-produces-battery-grade-lithium-carbonate-from-produced-water-in-west-texas-pilot
"SPE Gulf Coast Section’s Career Advancement Network successfully expanded its reach into the geosciences community at IMAGE 2026, connecting 217 job seekers with employers and demonstrating growing demand for in-person energy industry hiring events.",2026-09-09,0,2026-09-09T17:36:52.908547+00:00,,"SPE News,career development,SPE event,Texas,human resources,Gulf Coast Section,networking,geology",Expanding Horizons: CAN’s Pilot Hiring Event Debuts at IMAGE 2026,SPE News,https://jpt.spe.org/expanding-horizons-cans-pilot-hiring-event-debuts-at-image-2026
"Imaging carbonate rocks at high resolution without losing scale has long been a challenge. A novel framework is introduced that enables accurate super-resolution and extrapolation of carbonate rock images, enhancing micro-CT images while preserving mineralogical and topological features for more reliable pore-scale analysis and flow simulations.",2026-09-09,0,2026-09-09T17:36:53.048077+00:00,,"carbonates,digital rocks",Super-Resolution Carbonate Rock Image Beyond Instrument Limitations,Formation evaluation,https://jpt.spe.org/super-resolution-carbonate-rock-image-beyond-instrument-limitations
"Honorees Rajan Chokshi and Mike Poythress say the guidance they received, and later shared with others, helped shape decades of innovation and leadership in artificial lift.",2026-09-09,0,2026-09-09T17:36:53.471865+00:00,,"artificial lift,career development,Distinguished Lecturer,mentoring,SPE event,volunteer",Legends of Artificial Lift Credit Mentorship for Career-Defining Success,"Artificial lift,SPE News",https://jpt.spe.org/legends-of-artificial-lift-credit-mentorship-for-career-defining-success
"Equinor, Aker BP, and Vår Energi will combine resources and expertise to pursue some of the largest remaining exploration opportunities on the Norwegian Continental Shelf.",2026-08-27,0,2026-09-09T17:36:54.773585+00:00,,"Equinor,Aker BP,Var Energi,Norway,Norwegian Continental Shelf,exploration,discovery",Norway’s Oil Companies Team Up in Search of Big Discoveries,"Exploration/discoveries,Business/economics",https://jpt.spe.org/norways-oil-companies-team-up-in-search-of-big-discoveries
"With a strong presence across US shale in the Bakken, Anadarko Basin, Powder River Basin, and the Permian, Continental Resources is expanding into Argentina’s Vaca Muerta shale as the privately held E&P giant pursues international growth.",2026-08-28,0,2026-09-09T17:36:55.180856+00:00,,"Vaca Muerta shale,Argentina,South America,YPF,LNG,Continental Resources",Continental Resources Inks HOA With Mercuria Energy for Vaca Muerta Shale Joint Venture,"Unconventional/complex reservoirs,LNG,Business/economics",https://jpt.spe.org/continental-resources-inks-hoa-with-mercuria-energy-for-vaca-muerta-shale-joint-venture
Integrated engineering work from SLB aims to support development of the large-scale Havstjerne carbon storage project ahead of a final investment decision.,2026-08-29,0,2026-09-09T17:36:55.673243+00:00,,"carbon capture and storage,North Sea,Norwegian Continental Shelf,SLB,Harbour Energy,FEED,FID",SLB Selected as Strategic Reservoir Partner for North Sea Carbon Storage Project,Carbon capture and storage,https://jpt.spe.org/slb-selected-as-strategic-reservoir-partner-for-north-sea-carbon-storage-project
This article from the SPE Research and Development Technical Section offers new insights to how the upstream industry can benefit from the emergence of quantum computing.,2026-08-31,0,2026-09-09T17:36:55.892193+00:00,,"SPE News,Technical Section Editorial,R&D,quantum computing,modeling,simulation,well planning,emerging technology",Quantum Computing Use Cases for the Oil and Gas Industry,"SPE News,R&D/innovation,Data & Analytics,Fracturing/pressure pumping,Reservoir simulation,Well intervention,Asset/portfolio management",https://jpt.spe.org/quantum-computing-use-cases-for-the-oil-and-gas-industry
"Disposal wells remain the lowest-cost solution for produced water, but concerns over seismicity and long-term sustainability are accelerating interest in alternatives.",2026-09-01,0,2026-09-09T17:36:56.445227+00:00,,,"Too Much Water, Too Few Answers",,https://jpt.spe.org/too-much-water-too-few-answers-restricted
"With millions of wells having been drilled in the US since the beginning of the oil age, the land is pocked with old, unused wellbores. For most, repurposing is a pipe dream. Plugging is the best option.",2026-09-01,0,2026-09-09T17:36:56.471902+00:00,,,What To Do With Old Wells,,https://jpt.spe.org/what-to-do-with-old-wells-restricted
"This energy roundup highlights major global developments, including Western Australia’s approval of Woodside’s Browse gas project, TotalEnergies’ FID for Cyprus’ first gas development, and new oil and gas discoveries offshore Colombia, Namibia, and Angola. Read the latest updates on LNG projects, exploration successes, seismic surveys, and strategic upstream investmen…",2026-09-01,0,2026-09-09T17:36:56.746254+00:00,,"discovery,offshore,Africa,Australia,Cyprus,Mediterranean,Iraq,Turkey,Namibia,Colombia,Angola,Guyana,India,North Sea,Norwegian Sea,Norway,Woodside Energy,TotalEnergies,Petrobras,Shell,Fugro,Chevron,Aker BP","Global Exploration and Production Roundup: FIDs, Discoveries, and New Frontiers—September 2026","Exploration/discoveries,Onshore/Offshore Facilities",https://jpt.spe.org/global-exploration-and-production-roundup-fids-discoveries-and-new-frontiers-september-2026
"Oil prices are high, but spending has not caught up—yet. Meanwhile, exploration strategies are changing around the world toward a lower-risk model, and the frenzied pace of US M&A has very much cooled off.",2026-09-01,0,2026-09-09T17:36:56.915160+00:00,,,Why a Different Kind of Oil Market Is Taking Shape,,https://jpt.spe.org/why-a-different-kind-of-oil-market-is-taking-shape-restricted
"This paper presents an approach to the identification, selection, and implementation of initiatives for sustainable water management, withdrawal reduction, and water valorization.",2026-09-01,0,2026-09-09T17:36:57.437931+00:00,,"HSE,environment,water management,water disposal",E&P Operations in Water-Stressed Areas,"HSE & Sustainability,Water management",https://jpt.spe.org/e-p-operations-in-water-stressed-areas
Brownfield redevelopment and new exploration projects could lift Venezuelan output above 2 million B/D by next decade.,2026-09-02,0,2026-09-09T17:36:57.746312+00:00,,"US,Venezuela,heavy oil,US Energy Information Administration,South America,Chevron",US and Venezuela Strike Major Oil Deal,"Business/economics,Asset Management,Production,Onshore/Offshore Facilities,Drilling",https://jpt.spe.org/us-and-venezuela-strike-major-oil-deal
"The supermajor expects output to double to about 600,000 B/D as a result of a new agreement with one of its joint ventures in Venezuela.",2026-09-02,0,2026-09-09T17:36:58.054231+00:00,,"Chevron,Venezuela,fiscal regimes,heavy oil,brownfields,greenfields,South America","Chevron Secures New Venezuela Acreage, Plans $7 Billion Investment","Asset/portfolio management,Business/economics,Production",https://jpt.spe.org/chevron-secures-new-venezuela-acreage-plans-7-billion-investment
"The deals, with a potential value exceeding $3.7 billion, are aimed at strengthening Saudi Aramco’s supply chains and expanding its use of industrial artificial intelligence.",2026-09-03,0,2026-09-09T17:36:58.386070+00:00,,"Saudi Aramco,Saudi Arabia,France,SLB,Vallourec,oil country tubular goods","Aramco Inks Deals With SLB, Vallourec, Dassault as It Courts French Investment","Business/economics,Digital Oil Field,AI/machine learning,Drilling,Pipelines/flowlines/risers,Midstream",https://jpt.spe.org/aramco-inks-deals-with-slb-vallourec-dassault-as-it-courts-french-investment
"The DOE-backed EGS-Twin project aims to simulate geothermal production systems, helping operators better predict performance and maximize output.",2026-08-19,0,2026-09-09T17:36:59.107662+00:00,,"digital twins,enhanced geothermal system,Fervo,geothermal energy,Nvidia,simulation,US Department of Energy",Digital Twin Initiative Could Reduce Geothermal Production Uncertainties,"Geothermal energy,AI/machine learning,Data & Analytics,Production,R&D/innovation,Reservoir simulation,Unconventional/complex reservoirs",https://jpt.spe.org/digital-twin-initiative-could-reduce-geothermal-production-uncertainties
SPE welcomes 261 members into the Legion of Honor recognizing 50 years of consecutive membership in the Society.,2026-08-19,0,2026-09-09T17:36:59.515715+00:00,,"awards,SPE News",2026 SPE Legion of Honor Inductees,SPE News,https://jpt.spe.org/2026-spe-legion-of-honor-inductees
This contributed article highlights the growing importance of fiber-optic sensing and its potential to advance thanks to emerging quantum technologies.,2026-08-20,0,2026-09-09T17:36:59.779735+00:00,,"fiber optics,asset integrity,leak detection,hydraulic fracturing,R&D,quantum computing",When Quantum Meets Fiber-Optic Sensing,"R&D/innovation,Production,Risk management,Fracturing/pressure pumping",https://jpt.spe.org/when-quantum-meets-fiber-optic-sensing
"The firm's first-quarter rankings evaluate drilling performance across multiple measures, including total drilled measured depth.",2026-08-20,0,2026-09-09T17:37:00.079109+00:00,,"Enverus,ExxonMobil,Helmerich & Payne,Patterson-UTI,Nabors,EOG Resources,Devon Energy,Occidental Petroleum,ConocoPhillips",H&P Claims Top Spot in Enverus First-Quarter 2026 Drilling Contractor Rankings,Drilling,https://jpt.spe.org/h-p-claims-top-spot-in-enverus-first-quarter-2026-drilling-contractor-rankings
"Gran Tierra will refocus its investment strategy to strengthen its portfolio in Canada and Azerbaijan while Maurel & Prom, majority owned by Pertamina’s international upstream arm, grows its South American footprint in Colombia and Ecuador.",2026-08-21,0,2026-09-09T17:37:00.367227+00:00,,"Colombia,Ecuador,Canada,Azerbaijan,Gran Tierra Energy,Pertamina",Canada’s Gran Tierra Energy Exits South America With Asset Sale to Pertamina Proxy,"Business/economics,Exploration/discoveries,Field/project development",https://jpt.spe.org/canadas-gran-tierra-energy-exits-south-america-with-asset-sale-to-pertamina-proxy
"North Sea operators produced an additional 16 million BOE from 56 reinstated wells in 2025 as improved intervention efficiency lowered costs and helped restore shut-in assets to production, according to the NSTA.",2026-08-21,0,2026-09-09T17:37:00.788531+00:00,,"shut-ins,UK Continental Shelf,North Sea,North Sea Transition Authority,exploration",NSTA: Reinstated Wells Added 16 Million BOE to UKCS Production in 2025,"Well intervention,Production",https://jpt.spe.org/nsta-reinstated-wells-added-16-million-boe-to-ukcs-production-in-2025
"SPE Offshore Europe 2027 has unveiled its conference theme, “(Em)Powering Europe: Securing Our Energy Future,” and opened the call for technical paper proposals for the Aberdeen event.",2026-08-22,0,2026-09-09T17:37:01.065957+00:00,,"SPE event,North Sea,Europe,carbon capture and storage,wind power,energy mix,digital transformation,offshore",Conference Theme and Call for Papers Announced for SPE Offshore Europe 2027,"SPE News,Offshore/subsea systems,Decarbonization",https://jpt.spe.org/conference-theme-and-call-for-papers-announced-for-spe-offshore-europe-2027
"ExxonMobil and its Area 4 partners have awarded $1.1 billion in pre-investment contracts for long-lead upstream equipment supporting Mozambique's Rovuma LNG project. The awards, led by OneSubsea, mark a key step toward FID as development advances on ExxonMobil's largest global investment.",2026-08-24,0,2026-09-09T17:37:01.290067+00:00,,"ExxonMobil,Mozambique,Africa,Rovuma LNG,SLB,Aker Solutions,Subsea7",ExxonMobil Awards $1.1 Billion in Pre-FID Contracts for Area 4 Gas Development Offshore Mozambique,"Field/project development,Pipelines/flowlines/risers,LNG,Asset Management",https://jpt.spe.org/exxonmobil-awards-1-1-billion-in-pre-fid-contracts-for-area-4-gas-development-offshore-mozambique
"The Loran Phase 2 license award builds on BP’s growing presence in Venezuela as it seeks to develop offshore projects, particularly shared fields near Venezuela’s maritime border with Trinidad and Tobago.",2026-08-25,0,2026-09-09T17:37:01.694674+00:00,,"Venezuela,BP,ADNOC,Qatar,South America,licensing,Trinidad and Tobago",BP Secures Loran Phase 2 Offshore Exploration and Development License in Venezuela,"Business/economics,Exploration/discoveries,Field/project development",https://jpt.spe.org/bp-secures-loran-phase-2-offshore-exploration-and-development-license-in-venezuela
Eight students are the recipients of four SPE/AIME scholarships and fellowships.,2026-08-26,0,2026-09-09T17:37:02.188811+00:00,,"SPE News,awards,young professionals,engineering education,energy education",2026 SPE Scholarship and Fellowship Recipients Announced,SPE News,https://jpt.spe.org/2026-spe-scholarship-and-fellowship-recipients-announced
"After launching pre-salt production in Brazil, the ultradeepwater Tupi asset has become one of Petrobras’s most productive.",2026-08-26,0,2026-09-09T17:37:02.548885+00:00,,"Petrobras,Brazil,pre-salt,South America,offshore,deepwater","Petrobras’ Tupi Asset Reaches 4 Billion BOE, Marking 20 Years of Operations","Production,Floating production systems",https://jpt.spe.org/petrobras-tupi-asset-reaches-4-billion-boe-marking-20-years-of-operations
"Applications are now open for the OTC Spotlight on New Technology Awards, the offshore energy sector's leading innovation honors. Recognizing technologies that advance operational efficiency, sustainability, and performance, the awards spotlight game-changing solutions from OTC exhibitors. Submit your entry and supporting documents by 28 January 2027.",2026-08-26,0,2026-09-09T17:37:02.968378+00:00,,"SPE event,OTC,awards",2027 OTC Spotlight on New Technology Awards Applications Are Now Open,"SPE News,R&D/innovation",https://jpt.spe.org/2027-otc-spotlight-on-new-technology-awards-applications-are-now-open
"Williams' acquisition of Momentum Midstream creates a larger, more connected Gulf Coast gas network capable of meeting surging demand from LNG export facilities, power generators, and industrial users.",2026-08-11,0,2026-09-09T17:37:03.745921+00:00,,"Williams Companies,LNG,Haynesville,acquisitions and divestitures",Williams Acquires Momentum Midstream in US Gulf Coast Gas Supply Deal,"Midstream,LNG,Pipelines/flowlines/risers,Business/economics",https://jpt.spe.org/williams-acquires-momentum-midstream-in-us-gulf-coast-gas-supply-deal
"SPE’s newly renamed Safety Technical Section expands the reach of human factors by integrating safety, risk management, and system resilience expertise while preserving dedicated leadership and technical focus.",2026-08-11,0,2026-09-09T17:37:04.127321+00:00,,"SPE News,safety,human factors,HSE",Human Factors Evolves Into Safety Technical Section To Strengthen Industry Impact,"SPE News,Safety",https://jpt.spe.org/human-factors-evolves-into-safety-technical-section-to-strengthen-industry-impact
"Beetaloo Energy and Halliburton have signed an MOU to advance Beetaloo Digital, a proposed gas-powered AI data center hub in Australia’s Northern Territory that could create a new long-term market for Beetaloo Basin gas.",2026-08-12,0,2026-09-09T17:37:04.544306+00:00,,"Australia,Southeast Asia,Asia Pacific,Halliburton,shale gas,power generation,artificial intelligence","Australia’s Beetaloo Energy, Halliburton Partner To Power Data Centers","Unconventional/complex reservoirs,Business/economics,Field/project development",https://jpt.spe.org/australias-beetaloo-energy-halliburton-partner-to-power-data-centers
"Tulsa Innovation Labs' Rose Rock Bridge program awarded $400,000 to four energy technology startups, bringing AI-driven innovation, industry partnerships, and the potential for more than 135 new Oklahoma jobs to Tulsa.",2026-08-13,0,2026-09-09T17:37:04.889064+00:00,,"startup companies,innovation,artificial intelligence,Oklahoma,awards,R&D,drilling optimization","Four Energy Tech Startups Selected for $400,000 Rose Rock Bridge Funding in Tulsa",R&D/innovation,https://jpt.spe.org/four-energy-tech-startups-selected-for-400-000-rose-rock-bridge-funding-in-tulsa
Sixteen companies submitted 69 bids worth $99.5 million in the Big Beautiful Gulf 3 sale.,2026-08-13,0,2026-09-09T17:37:05.234776+00:00,,"US,Gulf of Mexico,lease sale,Bureau of Ocean Energy Management,deepwater,offshore",Gulf Lease Sale Nets $82.7M in Apparent High Bids,"Asset/portfolio management,Business/economics,Exploration/discoveries",https://jpt.spe.org/gulf-lease-sale-nets-82-7m-in-apparent-high-bids
"These outstanding young professionals are being celebrated for their work discovering, innovating, and sharing their knowledge, positively influencing and inspiring others.",2026-08-13,0,2026-09-09T17:37:05.446664+00:00,,"awards,SPE News,young professionals,TWA Energy Influencers,career development,volunteer",TWA Names 2026 TWA Energy Influencers,SPE News,https://jpt.spe.org/twa-names-2026-twa-energy-influencers
"ExxonMobil’s Letter of Intent to begin preliminary engineering and procurement work for Mozambique’s Rovuma LNG project bridges the development to a final EPC contract, which Area 4 partners are expected to award following an FID anticipated by year-end 2026.",2026-08-14,0,2026-09-09T17:37:06.081677+00:00,,"ExxonMobil,Saipem,McDermott International,Rovuma LNG,Mozambique,Africa","Saipem, McDermott, and Partners Advance Mozambique’s Rovuma LNG Development","Field/project development,LNG,Business/economics,Midstream",https://jpt.spe.org/saipem-mcdermott-and-partners-advance-mozambiques-rovuma-lng-development
The sale of Woodside’s Calypso stake to BP completes the company’s withdrawal from Trinidad and Tobago after decades of operations in the country.,2026-08-16,0,2026-09-09T17:37:06.290716+00:00,,"acquisitions and divestitures,BP,Woodside Energy,deepwater,Trinidad and Tobago,Atlantic LNG",BP To Acquire Woodside’s Calypso Stake in Trinidad and Tobago,"LNG,Field/project development,Asset/portfolio management",https://jpt.spe.org/bp-to-acquire-woodsides-calypso-stake-in-trinidad-and-tobago
"Flow measurement touches almost every phase of oil and gas operations. Yet the industry still struggles to distinguish between what is directly measured, what is inferred, and what is estimated through models, correlations, or assumptions. That distinction matters. A measurement does not need to be perfect to be useful, but it must be fit for purpose.",2026-08-17,0,2026-09-09T17:37:06.681814+00:00,,"Technical Section Editorial,flow assurance,flow regime,flowback analysis,multiphase flow,flowmeter,CO2,hydrogen,methane,SPE News,SPE event","Measure What Matters, When It Matters: A Flow Measurement Perspective Across the Well Life Cycle","Flow assurance,SPE News",https://jpt.spe.org/measure-what-matters-when-it-matters-a-flow-measurement-perspective-across-the-well-life-cycle
"After acquiring the block more than a decade ago, Petrobras has finally found oil in the deepwater area of the Equatorial Margin with the Morpho-1 exploration well.",2026-08-18,0,2026-09-09T17:37:06.750549+00:00,,"Brazil,Petrobras,South America,discovery,exploration,deepwater,OTC,regulations",Petrobras Confirms Hydrocarbons at Closely Watched Equatorial Margin Project,"Exploration/discoveries,Drilling,Reservoir",https://jpt.spe.org/petrobras-confirms-hydrocarbons-at-closely-watched-equatorial-margin-project
"Rock sample characterization, widely used in hydrocarbon exploration and production, is emerging as a critical tool for understanding and optimizing subsurface mineral extraction through in-situ leaching.",2026-08-18,0,2026-09-09T17:37:07.321175+00:00,,"Reservoir,geology,energy transition,electric vehicles,Critical Minerals,lithium",From Hydrocarbon Recovery to In-Situ Mineral Leaching: The Expanding Role of Reservoir Characterization,"Reservoir,Oilfield chemistry,Reservoir characterization",https://jpt.spe.org/from-hydrocarbon-recovery-to-in-situ-mineral-leaching-the-expanding-role-of-reservoir-characterization
"Modeling solubility trapping at reservoir scale remains a key challenge for carbon storage projects. This study introduces a novel sub-grid convective mixing model, implemented in the Open Porous Media Flow simulator and applied to the SPE11 benchmark, that enables accurate prediction of carbon dioxide dissolution trapping in geological storage using computationally e…",2026-08-18,0,2026-09-09T17:37:07.635523+00:00,,"carbon capture and storage,simulation,CO2",A Sub-Grid Model for Convective Mixing Applied to the 11th SPE Comparative Solution Project,"Carbon capture and storage,Reservoir,Reservoir simulation",https://jpt.spe.org/a-sub-grid-model-for-convective-mixing-applied-to-the-11th-spe-comparative-solution-project
"As several commercial-scale projects are gearing up in the US, developers expect the next few years to reveal whether lithium extraction from brines can become a big business.",2026-08-01,0,2026-09-09T17:37:08.359533+00:00,,,The Oil Industry’s Lithium Experiment Still Needs a Few More Years To Prove Out,,https://jpt.spe.org/the-oil-industrys-lithium-experiment-still-needs-a-few-more-years-to-prove-out-restricted
This case study presents the first field deployment of acoustic fracturing analysis to evaluate perforation efficiency and implement real-time interventions during pressure pumping.,2026-08-01,0,2026-09-09T17:37:08.692191+00:00,,"case study,hydraulic fracturing,pressure pumping,perforations,artificial intelligence,Permian Basin,Williston Basin,unconventional resources,Seismos",Case Study: Closing the Loop on Fracture Execution With Real-Time Subsurface Measurements,"Unconventional/complex reservoirs,Completions,Fracturing/pressure pumping,Data mining/analysis",https://jpt.spe.org/case-study-closing-the-loop-on-fracture-execution-with-real-time-subsurface-measurements
This case study from Malaysia’s Petronas outlines a comprehensive review of perforation-charge testing across various tubular and reservoir conditions to help improve production from complex downhole scenarios.,2026-08-01,0,2026-09-09T17:37:08.949154+00:00,,"case study,Petronas,Malaysia,perforations,core analysis,cement,packers",Case Study: An Industry-First Comprehensive Perforation-Testing Program To Evaluate Perforation-Charge Performance Across Multiple Tubulars,"Completions,R&D/innovation",https://jpt.spe.org/case-study-an-industry-first-comprehensive-perforation-testing-program-to-evaluate-perforation-charge-performance-across-multiple-tubulars
This article from the SPE Integrated Reservoir Management Technical Section (IRMTS) addresses decisions that look stronger than they are and take longer to implement than the reservoir can afford.,2026-08-03,0,2026-09-09T17:37:09.287277+00:00,,"Technical Section Editorial,history matching,integrated asset modeling,modeling,simulation,SPE News","Integrated Reservoir Management: Decisions, Data, and Discipline—Episode Two","Reservoir,Production,Business/economics,SPE News,Risk management",https://jpt.spe.org/integrated-reservoir-management-decisions-data-and-discipline-episode-two
"As the company works to realign its portfolio, it puts its North Sea assets in the crosshairs.",2026-08-04,0,2026-09-09T17:37:09.829287+00:00,,"BP,North Sea,UK Continental Shelf,asset divestment,FPSO",BP Announces Plans To Back Away From North Sea,"Asset Management,Asset/portfolio management,Business/economics",https://jpt.spe.org/bp-announces-plans-to-back-away-from-north-sea
New geothermal technical content and programming will highlight knowledge transfer among oil and gas and geothermal professionals.,2026-08-04,0,2026-09-09T17:37:10.036549+00:00,,"SPE News,Project InnerSpace,geothermal energy",Project InnerSpace and SPE Launch Initiative To Catalyze Systemic Growth of Geothermal Across Core Engineering Disciplines,"Geothermal energy,Business/economics,Sustainability,R&D/innovation",https://jpt.spe.org/project-innerspace-and-spe-launch-initiative-to-catalyze-systemic-growth-of-geothermal-across-core-engineering-disciplines
The Asset Management Technical Section has been selected to receive the 2026 Presidential Award for Outstanding Technical Section. The Integrated Reservoir Management and Data Science and Engineering Analytics technical sections have been awarded the 2026 Technical Section Excellence Award.,2026-08-05,0,2026-09-09T17:37:10.432113+00:00,,"awards,SPE News",SPE Technical Sections Recognized With 2026 Outstanding Technical Section Awards,SPE News,https://jpt.spe.org/spe-technical-sections-recognized-with-2026-outstanding-technical-section-awards
"As drilling operations become increasingly digital, computer vision is emerging as a continuous safety layer that complements, not replaces, established safety practices. The challenge is no longer whether artificial intelligence can detect hazards, but how operators should deploy, integrate, and govern these systems to improve safety without adding operational comple…",2026-08-05,0,2026-09-09T17:37:10.640888+00:00,,"HSE,safety,computer vision,artificial intelligence,predictive maintenance,monitoring",AI Eyes on the Rig: Computer Vision Boosts Oilfield Safety,"HSE & Sustainability,Safety,Risk management,Onshore/Offshore Facilities",https://jpt.spe.org/ai-eyes-on-the-rig-computer-vision-boosts-oilfield-safety
"More than 900 drilling and well professionals from 30+ countries gathered at APDT 2026 in Bali to explore how AI, automation, and advanced well technologies are driving safer, smarter, and more efficient drilling across Asia Pacific.",2026-08-05,0,2026-09-09T17:37:11.208332+00:00,,"SPE event,Indonesia,Asia Pacific,R&D,innovation,Pertamina,SKK Migas,PetroVietnam,Halliburton,NOV,Borr Drilling,Weatherford,International Association of Drilling Contractors","Global Drilling Leaders Advance Smarter, More Efficient Well Technologies in Asia Pacific","SPE News,Drilling",https://jpt.spe.org/global-drilling-leaders-advance-smarter-more-efficient-well-technologies-in-asia-pacific
"The ultrasonic wellbore imaging firm is being taken over by Blackstone, the world's largest alternative asset manager.",2026-08-06,0,2026-09-09T17:37:11.478383+00:00,,"DarkVision,mergers and acquisitions,perforations",Wellbore Imaging Specialist DarkVision Acquired by Private Equity Giant,"Business/economics,Completions,Unconventional/complex reservoirs",https://jpt.spe.org/wellbore-imaging-specialist-darkvision-acquired-by-private-equity-giant
"As 50-50 joint venture partners in Arrow Energy, the operator of the Surat Gas Project, Shell and PetroChina will share the AUD 713 million (USD 501 million) cost of Phase 3.",2026-08-07,0,2026-09-09T17:37:11.929725+00:00,,"Australia,PetroChina,Shell,LNG,coalbed methane",Shell Declares FID in Australia’s Surat Coal-Seam Gas Project Phase 3,"Field/project development,LNG",https://jpt.spe.org/shell-declares-fid-in-australias-surat-coal-seam-gas-project-phase-3
Hungary’s MOL Group captures a major project within the EU and its largest upstream opportunity since it farmed into in Azerbaijan’s ACG offshore field.,2026-08-10,0,2026-09-09T17:37:12.331220+00:00,,"MOL Group,Cyprus,Shell,Eastern Mediterranean,acquisitions and divestitures",MOL Acquires Stake in Aphrodite Gas Field Offshore Cyprus From Shell,"Business/economics,Field/project development,Asset/portfolio management",https://jpt.spe.org/mol-acquires-stake-in-aphrodite-gas-field-offshore-cyprus-from-shell
"These awards recognize those members who have contributed exceptional service and leadership to the Society, as well as those who have made major professional contributions to their technical disciplines at the regional level.",2026-07-25,0,2026-09-09T17:37:12.860981+00:00,,"awards,SPE News",2026 SPE Regional Award Recipients Announced,SPE News,https://jpt.spe.org/2026-spe-regional-award-recipients-announced
"Winners of Alberta's Drilling Technology Challenge cover a range of technologies from robotics to enhance drilling rig safety to AI-enabled energy management, downhole sensing, well navigation, hybrid power systems, and geothermal energy.",2026-07-26,0,2026-09-09T17:37:13.284239+00:00,,"Canada,Alberta,artificial intelligence,drilling optimization,robotics,sensors,SAGD",Alberta Awards $37 Million for Next-Generation Drilling Technologies,"R&D/innovation,Drilling automation,Geothermal energy,Decarbonization,Emission management",https://jpt.spe.org/alberta-awards-37-million-for-next-generation-drilling-technologies
"The AI revolution isn't just digital. This article examines how geology underpins the convergence of AI, energy, carbon management, and the infrastructure powering frontier LLMs.",2026-07-27,0,2026-09-09T17:37:13.574391+00:00,,"geology,artificial intelligence,carbon capture and storage,geothermal energy,energy mix,nuclear energy,SPE event,energy transition","The Rise of Geology as the Subsurface Intelligence Layer Behind AI, Energy, and Carbon Management","Data & Analytics,AI/machine learning,Decarbonization,Risk management",https://jpt.spe.org/the-rise-of-geology-as-the-subsurface-intelligence-layer-behind-ai-energy-and-carbon-management
"This study demonstrates how routinely acquired downhole temperature data allows for direct estimation of fluid saturations and delivers more accurate reservoir volume assessments, particularly in aquifer-supported systems.",2026-07-27,0,2026-09-09T17:37:13.719859+00:00,,"pressure transient analysis,well testing,modeling,aquifer",In-Place Volume Estimation: The Role of Downhole Temperature Data,Reservoir characterization,https://jpt.spe.org/in-place-volume-estimation-the-role-of-downhole-temperature-data
Six SPE geographical sections across the world have won the 2026 Presidential Award for Outstanding Section.,2026-07-28,0,2026-09-09T17:37:14.037917+00:00,,"SPE News,awards",2026 Presidential Award for Outstanding Sections Announced,SPE News,https://jpt.spe.org/2026-presidential-award-for-outstanding-sections-announced
"Current classifications often do not capture the complexity of autonomy in drilling systems. By integrating concepts from aerospace, control theory, and other high-risk industries, this study presents a quantitative framework for systematically assessing and comparing levels of drilling autonomy.",2026-07-29,0,2026-09-09T17:37:14.470311+00:00,,"automation,risk management,human factors","Taxonomy Describing Levels of Autonomous Drilling Systems Incorporates Complexity, Uncertainty, and Sparse Data With Human Interaction",Drilling automation,https://jpt.spe.org/taxonomy-describing-levels-of-autonomous-drilling-systems-incorporates-complexity-uncertainty-and-sparse-data-with-human-interaction
Join us in congratulating the International Award recipients.,2026-07-30,0,2026-09-09T17:37:14.733141+00:00,,"SPE News,awards",2026 SPE International Award Recipients Announced,SPE News,https://jpt.spe.org/twa/2026-spe-international-award-recipients-announced
"Two new US Department of Energy funding programs focus on improving shale recovery, mitigating produced-water risks, managing sour gas, and enhancing facility efficiency.",2026-07-31,0,2026-09-09T17:37:15.157341+00:00,,"R&D,US Department of Energy,hydraulic fracturing,produced water,proppant,facility design,artificial intelligence,Permian Basin",JPT Exclusive: Officials Explain Why DOE Is Investing More Than $200 Million in R&D to Tackle Major Challenges in the US Shale Sector,"R&D/innovation,Unconventional/complex reservoirs,Fracturing/pressure pumping,Business/economics",https://jpt.spe.org/jpt-exclusive-officials-explain-why-doe-is-investing-more-than-200-million-in-r-d-to-tackle-major-challenges-in-the-us-shale-sector
"Equinor, ADNOC, Eni, Santos, Saipem, and Halliburton lead this week’s offshore energy headlines, with a new Barents Sea discovery, a $6.2 billion UAE gas project FID, and major contract awards across Côte d’Ivoire, Iraq, Libya, and Romania. Key updates also include progress at Santos’ Barossa and Pikka developments and new North Sea drilling commitments from Equinor a…",2026-08-01,0,2026-09-09T17:37:15.568453+00:00,,"Equinor,Saipem,ADNOC,Halliburton,Transocean,Santos Energy,Eni,Barents Sea,Norwegian Continental Shelf,Libya,Australia,Romania","Global Exploration and Production Roundup: FIDs, Discoveries, and New Frontiers—August 2026","Field/project development,Exploration/discoveries",https://jpt.spe.org/global-exploration-and-production-roundup-fids-discoveries-and-new-frontiers-august-2026
"From AI-enabled walking rigs to subsea drones and autonomous inspection robots, robotics is rapidly moving from pilot projects to field deployment. The technology promises not only greater efficiency but also a fundamental shift in how the industry approaches safety and asset management.",2026-08-01,0,2026-09-09T17:37:16.072732+00:00,,,The Rise of Robotics in Oil and Gas,,https://jpt.spe.org/the-rise-of-robotics-in-oil-and-gas-restricted
"The challenge is to ensure that changes to major accident hazards are properly managed, whether the changes occur by adapting conventional industry operations to lower carbon or by introducing innovative technologies.",2026-08-01,0,2026-09-09T17:37:16.339184+00:00,,"energy transition,process safety,net zero,emissions,hydrogen,electrification",Are Process Safety Standards and Practices Ready for the Energy Transition?,"HSE & Sustainability,Energy transition",https://jpt.spe.org/are-process-safety-standards-and-practices-ready-for-the-energy-transition
"As managed pressure drilling gains traction, its principles are influencing a wider range of well-construction activities.",2026-08-01,0,2026-09-09T17:37:16.729231+00:00,,,The Ripple Effect of Managed Pressure Drilling,,https://jpt.spe.org/the-ripple-effect-of-managed-pressure-drilling-restricted
"Beginning in 2027, SPE will reintroduce tiered student membership fees to sustainably support and strengthen the global programs, resources, and career opportunities that help develop the next generation of energy professionals.",2026-07-15,0,2026-09-09T17:37:17.458439+00:00,,"SPE News,young professionals",SPE Reintroduces Student Membership Fees in 2027 To Strengthen Long-Term Support for Student Programs,SPE News,https://jpt.spe.org/spe-reintroduces-student-membership-fees-in-2027-to-strengthen-long-term-support-for-student-programs
"This article addresses the challenges of managing water-soluble organics (WSOs) in offshore produced water. It provides a brief discussion of the chemistry, along with strategies and technologies that can be used to manage WSO levels in produced water, thus facilitating compliance with regulatory overboard water-quality guidelines.",2026-07-16,0,2026-09-09T17:37:17.767455+00:00,,"offshore,produced water,regulations,Gulf of Mexico",Challenges of Water-Soluble Organics in Offshore Produced Water—Part 1,"Processing systems/design,Oilfield chemistry,Water management",https://jpt.spe.org/challenges-of-water-soluble-organics-in-offshore-produced-water-part-1
The London-based supermajor is stepping back from startup investing as it seeks to focus capital on its oil and gas business.,2026-07-18,0,2026-09-09T17:37:18.070688+00:00,,"BP,BP Ventures,startup companies,venture capital,acquisitions and divestitures",BP Winds Down Venture Capital Portfolio,"Business/economics,R&D/innovation",https://jpt.spe.org/bp-winds-down-venture-capital-portfolio
"This article from the SPE Artificial Lift Technical Section highlights a positive reality of our industry, one that centers on connecting and collaborating for success.",2026-07-20,0,2026-09-09T17:37:18.552234+00:00,,"Technical Section Editorial,artificial lift,R&D,continuing education,professional development","Production Optimization and Artificial Lift: A Common Denominator Between SPE, SWPSC, and ALRDC","Artificial lift,SPE News",https://jpt.spe.org/production-optimization-and-artificial-lift-a-common-denominator-between-spe-swpsc-and-alrdc
"The deepwater infill project is Esso Nigeria's first drilling campaign in a decade and is expected to boost Usan's production by up to 40,000 B/D.",2026-07-20,0,2026-09-09T17:37:18.832783+00:00,,"Nigeria,Niger Delta,ExxonMobil,deepwater,licensing round,capital projects,FPSO,FID",ExxonMobil Declares $1 Billion FID on Usan Deepwater Project in the Niger Delta,"Business/economics,Asset Management,Production,Onshore/Offshore Facilities",https://jpt.spe.org/exxonmobil-declares-1-billion-fid-on-usan-deepwater-project-in-the-niger-delta
The deal is the largest acquisition in Mitsubishi Corp.'s history and adds one of North America's leading shale gas assets to its portfolio.,2026-07-21,0,2026-09-09T17:37:19.119373+00:00,,"Mitsubishi,mergers and acquisitions,Haynesville,shale gas,Japan",Japan’s Mitsubishi Becomes One of the Largest Gas Producers in the US,"Business/economics,Asset/portfolio management,Production",https://jpt.spe.org/japans-mitsubishi-becomes-one-of-the-largest-gas-producers-in-the-us
"The sale for $1.8 billion of Solenergi Power, the holding company for Sprng, which develops and operates solar and wind projects across India, follows other realignment actions by the supermajor.",2026-07-21,0,2026-09-09T17:37:19.705500+00:00,,"Shell,renewable energy,solar power,wind power,asset divestment,energy mix,India",Shell Continues Shift With Agreement To Sell Sprng Energy Group,Business/economics,https://jpt.spe.org/shell-continues-shift-with-agreement-to-sell-sprng-energy-group
"The deal adds over 1,000 potential drilling locations and almost doubles oil production for Houston-based Magnolia.",2026-07-22,0,2026-09-09T17:37:19.910895+00:00,,"mergers and acquisitions,Eagle Ford Shale,Austin Chalk,Texas,horizontal wells,Enverus",US Tight-Oil Producer Magnolia Makes $4 Billion Acquisition in Texas,"Business/economics,Asset/portfolio management,Production,Unconventional/complex reservoirs",https://jpt.spe.org/us-tight-oil-producer-magnolia-makes-4-billion-acquisition-in-texas
"Located along the North Sea, the Humber is expected to play a central role in the UK’s effort to achieve a net-zero emissions status by 2050.",2026-07-23,0,2026-09-09T17:37:20.269618+00:00,,"Harbour Energy,carbon capture and storage,CO2 emissions,UK,UK Continental Shelf,North Sea,capital projects",Harbour Energy Takes a Step Closer to Making Major UK CCS Project a Reality,"Carbon capture and storage,HSE & Sustainability,Business/economics",https://jpt.spe.org/harbour-energy-takes-a-step-closer-to-making-major-uk-ccs-project-a-reality
Twelve young professionals in the energy industry will join the board.,2026-07-23,0,2026-09-09T17:37:20.752535+00:00,,"SPE News,young professionals,volunteer",TWA Editorial Board Welcomes 12 New Members,SPE News,https://jpt.spe.org/twa-editorial-board-welcomes-12-new-members
The transaction broadens the company's North Sea footprint with long-life assets that boost production and reserves.,2026-07-24,0,2026-09-09T17:37:21.098726+00:00,,"Denmark,North Sea,Norwegian Continental Shelf,Var Energi,acquisitions and divestitures",Vår Energi Snaps Up Danish Assets in $1.3B BlueNord Buyout,"Asset/portfolio management,Business/economics",https://jpt.spe.org/var-energi-snaps-up-danish-assets-in-1-3b-bluenord-buyout
Seven young professionals were selected to represent SPE at the 2026 Emerging Leaders Alliance Conference.,2026-07-07,0,2026-09-09T17:37:21.824997+00:00,,"young professionals,leadership,skills development,SPE event",2026 Emerging Leaders Alliance Conference Attendees Announced,"Career Development,SPE News",https://jpt.spe.org/2026-emerging-leaders-alliance-conference-attendees-announced
"A report commissioned by Havtil, the Norwegian Ocean Industry Authority, calls for better dialogue regarding pore-pressure uncertainty and higher-end drilling techniques like managed pressure drilling as methods to reduce the risk of well-control events.",2026-07-08,0,2026-09-09T17:37:22.212977+00:00,,"drilling rigs,Norway,Norwegian Continental Shelf,offshore,pressure monitoring,risk management,safety,well control,International Association of Oil and Gas Producers",Study Highlights Link Between Pore-Pressure Uncertainty and Well-Control Incidents,"Drilling,Reservoir,Well integrity/control,MPD/UBD",https://jpt.spe.org/study-highlights-link-between-pore-pressure-uncertainty-and-well-control-incidents
"The company said that its AD-300, a 50-m-high automated island drilling rig that walks between wells, was delivered 3 months ahead of schedule.",2026-07-09,0,2026-09-09T17:37:22.638576+00:00,,"ADNOC,drilling rigs,artificial intelligence,automation",ADNOC Delivers First AI-Enabled Walking Island Rig,"Drilling,Drilling automation",https://jpt.spe.org/adnoc-delivers-first-ai-enabled-walking-island-rig
"The company’s millimeter wave drilling system is approaching a depth of 1 km at its Central Texas site. The recent funding is earmarked for Project Obsidian in Central Oregon, which Quaise calls the world’s first commercial superhot geothermal power plant.",2026-07-09,0,2026-09-09T17:37:23.073949+00:00,,"geothermal energy,Massachusetts Institute of Technology (MIT),Japan,Texas,capital projects",Quaise Energy Raises $134M To Build Superhot Geothermal Power Plant,Geothermal energy,https://jpt.spe.org/quaise-energy-raises-134m-to-build-superhot-geothermal-power-plant
Crude benchmarks spiked amid concerns that the US-Iran ceasefire is collapsing as commercial shipping comes under renewed attack.,2026-07-09,0,2026-09-09T17:37:23.460700+00:00,,"US,Iran,Middle East,Strait of Hormuz,oil prices,Rystad Energy","US-Iran Conflict Flares Back Up, Disrupts Strait of Hormuz Once Again","Business/economics,HSE & Sustainability",https://jpt.spe.org/us-iran-conflict-flares-back-up-disrupts-strait-of-hormuz-once-again
Spain has granted permits covering a swath of the mountain range to Mantle8 for natural hydrogen and helium exploration a month after France granted the company similar permits.,2026-07-10,0,2026-09-09T17:37:23.959360+00:00,,"environment,hydrogen,helium,exploration,Spain,France,permitting",Spanish Permits Reinforce Pyrenees as Natural Hydrogen Hotspot,"Environment,Exploration/discoveries",https://jpt.spe.org/spanish-permits-reinforce-pyrenees-as-natural-hydrogen-hotspot
A new licensing deal with ZL Chemicals will make Chevron’s unconventional EOR technology available to other tight-oil producers.,2026-07-10,0,2026-09-09T17:37:24.202564+00:00,,"Chevron,shale EOR,EOR/IOR,surfactant,Permian Basin,emerging technology,URTeC",Chevron Secures Partner for Commercial Deployment of Shale EOR Technology,"Production,Business/economics,Oilfield chemistry",https://jpt.spe.org/chevron-secures-partner-for-commercial-deployment-of-shale-eor-technology
"Alongside the new subsea awards, Equinor strengthened its position in the 400-million-bbl Bay du Nord development by acquiring BP’s interest in the project.",2026-07-11,0,2026-09-09T17:37:24.595603+00:00,,"Equinor,Norwegian Continental Shelf,Norway,Canada,tiebacks,BP,FID,offshore,marginal fields","Equinor Accelerates NCS Development With Four Project Awards, Takes Full Ownership of Canada’s Bay du Nord","Field/project development,Onshore/Offshore Facilities,Asset Management,Offshore/subsea systems",https://jpt.spe.org/equinor-accelerates-ncs-development-with-four-project-awards-takes-full-ownership-of-canadas-bay-du-nord
The declaration builds on a memorandum of understanding the partners signed with Egypt in May to process Block 10 gas at the country’s LNG export and domestic gas facilities.,2026-07-13,0,2026-09-09T17:37:24.896903+00:00,,"QatarEnergy,ExxonMobil,Cyprus,Egypt,Eastern Mediterranean,Middle East","ExxonMobil, QatarEnergy Declare Commerciality of Cyprus’ Glaucus and Pegasus Gas Fields","Business/economics,Field/project development,Onshore/Offshore Facilities,Exploration/discoveries",https://jpt.spe.org/exxonmobil-qatarenergy-declare-commerciality-of-cyprus-glaucus-and-pegasus-gas-fields
"From reviewer to SPE Journal executive editor, Chicheng Xu's 10-year editorial journey shows how peer review, technical publishing, and community service can accelerate career growth, expand expertise, and open new leadership opportunities in energy and geoscience.",2026-07-14,0,2026-09-09T17:37:25.392246+00:00,,"SPE News,awards,volunteer,journals",From Reviewer to Executive Editor: My 10+ Year Journey in Academic Publishing and Advice for Young Professionals,SPE News,https://jpt.spe.org/from-reviewer-to-executive-editor-my-10-year-journey-in-academic-publishing-and-advice-for-young-professionals
"Average output reached 13.6 million BOPD, extending a period of sustained growth that has kept the US at the forefront of global oil production.",2026-07-14,0,2026-09-09T17:37:25.781892+00:00,,"Permian Basin,US,US Energy Information Administration,oil prices",US Crude Output Hits New High in 2025,"Production,Unconventional/complex reservoirs",https://jpt.spe.org/us-crude-output-hits-new-high-in-2025
"After a record year for LNG project approvals in 2025, multiyear repairs to war-damaged liquefaction facilities in Qatar and the UAE threaten to slow the growth of global LNG capacity.",2026-07-15,0,2026-09-09T17:37:26.198231+00:00,,"Iran,Qatar,UAE,LNG,Middle East",Report: LNG Sector Contracts Following Massive Expansion,"LNG,Business/economics,Risk management,Field/project development",https://jpt.spe.org/report-lng-sector-contracts-following-massive-expansion
"As equipment advances to handle extreme pressures and temperatures, new Gulf opportunities are emerging—alongside increasing operator demands for standardized, scalable, faster, and more affordable solutions.",2026-07-01,0,2026-09-09T17:37:26.595712+00:00,,,"HP/HT Comes of Age: How the Oil and Gas Industry Is Deploying 20,000-psi Systems",,https://jpt.spe.org/hp-ht-comes-of-age-how-the-oil-and-gas-industry-is-deploying-20-000-psi-systems-restricted
This guest editorial addresses the need for high-temperature directional drilling technologies as the number of rigs used to develop next-generation geothermal wells is set to rise in the coming years.,2026-07-01,0,2026-09-09T17:37:26.931253+00:00,,"Guest Editorial,enhanced geothermal system,geothermal energy,high temperature,measurement while drilling,R&D",Guest Editorial: Why Next-Generation Geothermal Systems and High-Temperature Drilling Are Essential to Global Deployment,"Geothermal energy,Drilling,R&D/innovation",https://jpt.spe.org/guest-editorial-why-next-generation-geothermal-systems-and-high-temperature-drilling-are-essential-to-global-deployment
"This case study presents a procedure in which the operator compared production from wells with adjusted wettability to a control group, finding that the adjustments resulted in significant improvements in production and reductions in produced water.",2026-07-01,0,2026-09-09T17:37:27.311860+00:00,,"EOR/IOR,fracturing fluids,surfactant,New Mexico,hydraulic fracturing,freshwater,produced water,case study",Case Study: Water-Matching of Fracturing Water Predictably Boosts Early-Time Unconventional Production,"Enhanced recovery,Unconventional/complex reservoirs,Fracturing/pressure pumping,Oilfield chemistry",https://jpt.spe.org/case-study-water-matching-of-fracturing-water-predictably-boosts-early-time-unconventional-production
This case study describes how edge computing and industrial internet of things platforms were deployed to automate and optimize production operations across four distinct basins.,2026-07-01,0,2026-09-09T17:37:27.779604+00:00,,"SLB,Ecuador,South America,Permian Basin,Bakken shale,Haynesville,internet of things,artificial lift,electrical submersible pumps,gas lift,edge computing,artificial intelligence,liquid loading,case study,monitoring,machine learning",Case Study: Edge Computing and IIoT Enable Autonomous Artificial Lift and Well Optimization Across Multi‑Basin Deployments,"Data & Analytics,Artificial lift,Unconventional/complex reservoirs",https://jpt.spe.org/case-study-edge-computing-and-iiot-enable-autonomous-artificial-lift-and-well-optimization-across-multi-basin-deployments
"The US federal government is working to stymie offshore wind power, but proponents aren’t going quietly. Armed with data, they are taking on a sea of misinformation and hostility to defend the burgeoning resource in the US, while the rest of the world moves ahead briskly.",2026-07-01,0,2026-09-09T17:37:27.944228+00:00,,,The War for Wind: Industry Steels Itself Against Resistance,,https://jpt.spe.org/the-war-for-wind-industry-steels-itself-against-resistance-restricted
"With the latest addition, the Italian major’s computational capacity passes the exaflop threshold, making the firm the world’s leading company by computing power in the new TOP500 global ranking.",2026-07-02,0,2026-09-09T17:37:28.373130+00:00,,"Eni,supercomputers",Eni’s New Supercomputer Pushes It to the Top,"Data & Analytics,R&D/innovation",https://jpt.spe.org/enis-new-supercomputer-pushes-it-to-the-top
The supermajor said the fields are not expected to contribute meaningfully to its production profile by 2030.,2026-07-02,0,2026-09-09T17:37:28.964843+00:00,,"Shell,Talos Energy,BP,Gulf of Mexico,offshore,oil prices,mergers and acquisitions,tiebacks",Shell Agrees to Sell Interest in US Gulf of Mexico Fields for $1.7 Billion,"Business/economics,Asset/portfolio management,Production,Onshore/Offshore Facilities",https://jpt.spe.org/shell-agrees-to-sell-interest-in-us-gulf-of-mexico-fields-for-1-7-billion
The firm’s latest analysis puts the bulk of the blame on a fragmented supply chain.,2026-07-03,0,2026-09-09T17:37:29.232116+00:00,,"carbon capture and storage,EU,Wood Mackenzie,ExxonMobil,OMV Petrom,Shell,TotalEnergies,supply chain",Wood Mackenzie Sees EU Carbon Storage Falling 35% Short of Target,"Carbon capture and storage,Business/economics",https://jpt.spe.org/wood-mackenzie-sees-eu-carbon-storage-falling-35-short-of-target
"This article from the SPE Methane Technical Section features Arvind Ravikumar of the University of Texas at Austin and focuses on how the Energy Emissions Modeling and Data Lab is integrating satellite observations, facility-level measurements, operational data, and emissions inventories into more credible methane accounting for oil and gas systems.",2026-07-06,0,2026-09-09T17:37:29.292660+00:00,,"methane,methane emissions,University of Texas,hydrogen,artificial intelligence,machine learning,Technical Section Editorial","Methane Technical Section Q&A: One Atmosphere, Many Measurements—Reconciling Methane Signals Across Satellites and Sensors","HSE & Sustainability,SPE News",https://jpt.spe.org/methane-technical-section-q-a-one-atmosphere-many-measurements-reconciling-methane-signals-across-satellites-and-sensors
"This paper proposes a shift in the timing of risk modeling to much further back within the job life cycle, recognizing each function’s role in the mitigation of risk.",2026-07-06,0,2026-09-09T17:37:29.705978+00:00,,"HSE,safety,risk management",Safe To Start: Can We Do Better Than Stop Work?,HSE & Sustainability,https://jpt.spe.org/safe-to-start-can-we-do-better-than-stop-work
"The events will be co-located 3–5 May 2027 at Reliant Park in Houston, Texas.",2026-07-06,0,2026-09-09T17:37:30.184060+00:00,,"SPE News,SPE event,OTC,Texas",OTC and URTeC Announce Strategic Co-Location To Accelerate Energy Innovation,"SPE News,R&D/innovation,Onshore/Offshore Facilities,Unconventional/complex reservoirs",https://jpt.spe.org/otc-and-urtec-announce-strategic-co-location-to-accelerate-energy-innovation
Schneider Electric says the deal advances its vision of creating intelligent industrial ecosystems that connect physical assets with digital insights across the asset life cycle.,2026-07-07,0,2026-09-09T17:37:30.604087+00:00,,"acquisitions and divestitures,artificial intelligence,automation,Cognite,Schneider Electric",Schneider Electric To Buy Cognite in $3.1 Billion Deal,"AI/machine learning,Data & Analytics,Business/economics",https://jpt.spe.org/schneider-electric-to-buy-cognite-in-3-1-billion-deal
Industry experts at URTeC assessed more than a decade of unconventional growth while discussing where productivity gains will come from next.,2026-06-25,0,2026-09-09T17:37:30.964732+00:00,,"URTeC,Chevron,ADNOC,oil prices,decline rates,hydraulic fracturing,Permian Basin,unconventional resources,artificial intelligence,shale EOR,surfactant,Middle East",URTeC Discussion Focuses on Shale Performance and Recovery Limits,"Unconventional/complex reservoirs,Business/economics,Fracturing/pressure pumping",https://jpt.spe.org/urtec-discussion-focuses-on-shale-performance-and-recovery-limits
Barzan plant explosion that killed 13 and injured 66 occurred 2 days after production was restarted following a scheduled shutdown in December for routine maintenance.,2026-06-25,0,2026-09-09T17:37:31.358241+00:00,,"Qatar,QatarEnergy,ExxonMobil,LNG,Middle East",Qatar LNG Exports Unaffected by Ras Laffan Explosion: Energy Minister,"HSE & Sustainability,Business/economics,LNG,Midstream,Risk management",https://jpt.spe.org/qatar-lng-exports-unaffected-by-ras-laffan-explosion-energy-minister
"A new Xodus report finds that scaling CCS across Europe will require significant investment in dedicated CO2 shipping, port infrastructure, and hybrid transport systems—projecting a fleet of about 65 vessels, 33 ports, and rapidly increasing emissions transport by 2050.",2026-06-26,0,2026-09-09T17:37:31.919828+00:00,,"carbon capture and storage,carbon emissions,UK,Europe,infrastructure,pipelines,CO2","Europe’s CCUS Buildout: Infrastructure, Shipping, and the Path to 2050 Carbon Transport",Carbon capture and storage,https://jpt.spe.org/europes-ccus-buildout-infrastructure-shipping-and-the-path-to-2050-carbon-transport
"The Coral Norte FLNG is to be the mirror image of the Coral Sul unit, which shipped its first cargo in 2022 after it was put into service in Area 4 offshore Mozambique.",2026-06-26,0,2026-09-09T17:37:32.103602+00:00,,"Eni,Technip Energies,Rovuma LNG,Mozambique,Africa,Coral FLNG,Samsung Heavy Industries,tiebacks",Japan’s JGC Awarded Contract for Coral North FLNG in Mozambique,"Production,Floating production systems,LNG,Business/economics,Field/project development",https://jpt.spe.org/japans-jgc-awarded-contract-for-coral-north-flng-in-mozambique
The US supermajor will use Permian Basin natural gas to support the hyperscaler’s AI business.,2026-06-27,0,2026-09-09T17:37:32.421263+00:00,,"Chevron,Microsoft,Caterpillar,GE,artificial intelligence,natural gas,Permian Basin,produced water",Chevron Strikes Deal With Microsoft To Power AI for 20 Years,"Business/economics,Data & Analytics,Onshore/Offshore Facilities",https://jpt.spe.org/chevron-strikes-deal-with-microsoft-to-power-ai-for-20-years
"Equinor and its partners’ investment in the Troll West Increased Gas Recovery North (TWIN) project aims to unlock around 11 Bcm of additional natural gas from the Troll field, with first production targeted as early as 2028.",2026-06-28,0,2026-09-09T17:37:32.894656+00:00,,"Norway,Norwegian Continental Shelf,North Sea,Equinor,Petoro,Shell,TotalEnergies,ConocoPhillips,Troll field",Equinor and Partners Invest To Increase Gas Production at Troll Field,"Offshore/subsea systems,Pipelines/flowlines/risers,Mature fields,Business/economics,Field/project development",https://jpt.spe.org/equinor-and-partners-invest-to-increase-gas-production-at-troll-field
"The Federal Reserve Bank of Dallas’ second-quarter energy survey reports improved business conditions, despite a mixed outlook on oil prices and input costs.",2026-06-28,0,2026-09-09T17:37:33.158360+00:00,,"Federal Reserve Bank,Permian Basin,US,Iran,Middle East,oil prices,oilfield services,CAPEX","US Oilfield Business Activity Strengthens, Though Oil Price Uncertainty Remains","Business/economics,Production",https://jpt.spe.org/us-oilfield-business-activity-strengthens-though-oil-price-uncertainty-remains
The $5.1 billion ultradeepwater project is Angola’s first integrated cross-block development and sits at the top of Azule’s Southern African portfolio.,2026-06-29,0,2026-09-09T17:37:33.424826+00:00,,"Africa,Angola,Eni,BP,Equinor,Sonangol,TotalEnergies,deepwater",Eni-BP Azule JV Declares FID on Angolan Greenfield Project,"Offshore/subsea systems,Floating production systems,Pipelines/flowlines/risers,Asset/portfolio management,Field/project development,Business/economics",https://jpt.spe.org/eni-bp-azule-jv-declares-fid-on-angolan-greenfield-project
"The next wave of unconventional growth will likely come from basins in Argentina, the Middle East, Australia, and elsewhere, fueled by expertise gained from shale plays in North America.",2026-06-30,0,2026-09-09T17:37:33.870452+00:00,,"Australia,Middle East,Permian Basin,shale,shale gas,shale oil,unconventional resources,unconventional gas,URTeC,SPE event,Vaca Muerta shale,US",US Shale Know-How Drives Global Search for Next-Gen Unconventional Resources,"Asset/portfolio management,Business/economics,Exploration/discoveries,Field/project development,Unconventional/complex reservoirs",https://jpt.spe.org/us-shale-know-how-drives-global-search-for-next-gen-unconventional-resources
"Ultradeepwater prospects along the northern coast of Brazil could help offset decline in legacy basins, though permitting hurdles remain a wild card.",2026-07-01,0,2026-09-09T17:37:34.327305+00:00,,,Brazil’s Equatorial Margin Exploration Effort Gains Urgency Amid Decline Concerns,,https://jpt.spe.org/brazils-equatorial-margin-exploration-effort-gains-urgency-amid-decline-concerns-restricted
"Bridging the gap between foundational guidance and real-world application, SPE’s Oil and Gas Reserves Committee is advancing PRMS education with a new, peer-reviewed training initiative. This article highlights the evolution of the PRMS knowledge base and introduces the PRMS Training Master Slides—a modular, instructor-led framework designed to improve consistency, cl…",2026-07-01,0,2026-09-09T17:37:34.725431+00:00,,"PRMS,training",OGRC Advancing Global Consistency in Reserves Reporting Through PRMS Training,"SPE News,Petroleum reserves",https://jpt.spe.org/ogrc-advancing-global-consistency-in-reserves-reporting-through-prms-training
